{"reward_weighted/accuracy":0.008092320261437908,"profiling/Time taken: GRPOTrainer._calculate_rewards":0.0012271041050553322,"_wandb":{"runtime":26},"_step":8,"profiling/Time taken: GRPOTrainer.f":0.0004406827501952648,"_runtime":26,"reward/format_schema":0.875,"reward/format_tags":0.875,"reward/accuracy":0.008092320261437908,"reward/format":0.875,"reward_weighted/format":0.4375,"_timestamp":1.7555927820505586e+09,"profiling/Time taken: GRPOTrainer.transformers.generate":17.86430492764339,"train/global_step":0,"reward/format_json":0.875}