{"profiling/Time taken: GRPOTrainer._prepare_inputs":4.03309240937233e-06,"profiling/Time taken: GRPOTrainer.f":0.00016898568719625473,"profiling/Time taken: GRPOTrainer._calculate_rewards":0.0015341853722929955,"reward_weighted/duplicate":0.17500000000000002,"reward/format_tags":0.875,"_timestamp":1.7555933074055083e+09,"reward/duplicate_rate":0,"reward/format_json":0.875,"reward_weighted/format":0.4375,"profiling/Time taken: GRPOTrainer._get_per_token_logps_and_entropies":0.22313140332698822,"train/global_step":0,"profiling/Time taken: GRPOTrainer.compute_loss":0.3390572858043015,"reward/format_schema":0.875,"reward/accuracy":0.00797794117647059,"_wandb":{"runtime":99},"_runtime":99,"reward_weighted/accuracy":0.00797794117647059,"reward/duplicate":0.875,"profiling/Time taken: GRPOTrainer.transformers.generate":15.092566674109548,"_step":104,"reward/format":0.875}